{
  "runtimes\\win-x64\\native\\e_sqlite3.dll": "6A67F4751EF45AE84549A109C0128EFE",
  "runtimes\\win-x64\\native\\minhook.x64d.dll": "54C9C9AF7BD808BB7CCEF4F003051F5A",
  "BCnEncoder.dll": "46406287B240637BA1B3AB0DFD2A0F3C",
  "BitFaster.Caching.dll": "18FBFDF88D3D5E7397BAD1A005B9E7EE",
  "CheapLoc.dll": "1CCFBC7543D29B003090F0D98C41ABE7",
  "cimgui.dll": "8387EB521CDEBBFAED41C35D3EA20E65",
  "cimguizmo.dll": "351FEC944A6741C7696F0BEB57AE3D70",
  "cimplot.dll": "E27B969B7E30A96F52EFF6CAC9220C8A",
  "commit_hash.txt": "A8EEE4E61D8CF8B50F984099C0AAF5B0",
  "CommunityToolkit.HighPerformance.dll": "66B64EC334625F2C5D341A45E28EEB43",
  "Dalamud.Bindings.ImGui.dll": "F21C7AC058BA9B8BE9D48463DCAAD1C2",
  "Dalamud.Bindings.ImGuizmo.dll": "AC19366D7FBFA4E8EE7568C4C7D78199",
  "Dalamud.Bindings.ImPlot.dll": "4569C7A55BFE2D679321F11AADD56941",
  "Dalamud.Boot.dll": "36183E7DFC4432C1D81D94A87EB7FD2E",
  "Dalamud.Common.dll": "DABDD01608DEADAE6AA383D757C6FAF7",
  "Dalamud.deps.json": "30564D8EC54CC706618224F50C781621",
  "Dalamud.dll": "D36805DE454194479DD814701693C322",
  "Dalamud.Injector.deps.json": "BF551CD5D6F45136F32B5F953968F603",
  "Dalamud.Injector.dll": "F8ACD7436D13600D999B7E669C2970D3",
  "Dalamud.Injector.exe": "5B18A5301B7C7933F7899D0091028959",
  "Dalamud.Injector.runtimeconfig.json": "481C4D4F6151485203242D25F632FCC5",
  "Dalamud.runtimeconfig.json": "9DB7F0D7C94CA1AA6CA3ACFA6F93A1D8",
  "DalamudCrashHandler.exe": "44DFA3116BF783816D097142CB73149C",
  "FASM-LICENSE.TXT": "ECEA1D10811221D5F0A3E96F9C38E2C7",
  "FASM.DLL": "793AB4CD7A8D490412747DCD2BED25EC",
  "FASMX64.DLL": "818EF3928DB004EF6FC84FC6CDD48A97",
  "FfxivArgLauncher.deps.json": "3DD792C0EE6B5D2939DA061609B9727B",
  "FfxivArgLauncher.dll": "4BB8DDF09BC243D193E9FDBF65FFC37B",
  "FfxivArgLauncher.exe": "924F4B66F95856CA44C2604595403039",
  "FfxivArgLauncher.runtimeconfig.json": "D7E214E10FCA8BB5A7B8D5E6CB9F9571",
  "FFXIVClientStructs.dll": "CFEAB998A27BCD9E56E3D99926B059B9",
  "goatcorp.Reloaded.Assembler.dll": "4E5C2225492BDFF8D499FBFB4476436E",
  "goatcorp.Reloaded.Assembler.targets": "CC22CB0A353E2136EE9E6E96DB9F7164",
  "goatcorp.Reloaded.Hooks.dll": "6176700E8464B2C270072A316E323D62",
  "goatcorp.Reloaded.Memory.Buffers.dll": "30ABC902EE128B73BEDC1232FC2313E8",
  "HexaGen.Runtime.dll": "C2695B8E5E1FD0C1B599A5F8A119962A",
  "HttpClient.Caching.dll": "69ABF345E0CCC2508DD3258CE076023B",
  "Iced.dll": "83224DF19D221DC0D4B0C8125D7C978F",
  "ImGuiScene.dll": "EF4BFEF361ECB6A4C066F38FEE614AB7",
  "InteropGenerator.Runtime.dll": "3E08383D291DA4A8F3C28BD97CFA967F",
  "JetBrains.Annotations.dll": "D334483DFBCF8BE6062277E1FB3B94F3",
  "licenses.txt": "A159BE62AA91178EFC3E3983AE874D1D",
  "Lumina.dll": "A82D30EF7CBA12242844E1DB721F76CA",
  "Lumina.Excel.dll": "39714BA44EC9DA4E8A78E70A403ECAC1",
  "Microsoft.Extensions.ObjectPool.dll": "CB2B8426DF93B062B631BC85B3369BED",
  "MinSharp.dll": "C5A02648B291B3574EBC3ACE6CFD9BB5",
  "Mono.Cecil.dll": "C4B802B9B66DC5B2B3F251C8822DA712",
  "Mono.Cecil.Mdb.dll": "54016AFEC9A4541DE4EA7FDC4536BEE6",
  "Mono.Cecil.Pdb.dll": "F100E5CF51EF9837AF10B793F3ED8703",
  "Mono.Cecil.Rocks.dll": "519AFF3818E8871E428F403B9F1BF63D",
  "nethost.dll": "21F39F71E2F4B5BA9FB3F126872F2F9B",
  "Newtonsoft.Json.dll": "C252FE44B67A08E6DAB4EADE3764DB49",
  "PeNet.Asn1.dll": "E99063A628AB5C165EAD0B39645EE9A4",
  "PeNet.dll": "C161A3C5D0792D7EAEC2E2EE2AE68066",
  "Reloaded.Hooks.Definitions.dll": "4A8EC4E27ADEE20C2C0A59B12BD638A0",
  "Reloaded.Memory.Buffers.dll": "C0693F9F2657950AD1D18E6B7B3BC3AC",
  "Reloaded.Memory.dll": "47C30956321030A214C34E7CF8FCB352",
  "Reloaded.Memory.Sigscan.Definitions.dll": "CF7F4F8079E7BCA6C80ACF471462349A",
  "Reloaded.Memory.Sigscan.dll": "C325036BE181C73774CA433BC1E6F674",
  "revision.txt": "1CBCAA5ABBB6B70F378A3A03D0C26386",
  "Serilog.dll": "258BFBBE0DCFC1BC3836D8324A3AF8E6",
  "Serilog.Sinks.Async.dll": "78251F8069115231C1CDDF8DBB57788A",
  "Serilog.Sinks.Console.dll": "A84B270CFB7C4B712E5C4E3A2757E611",
  "Serilog.Sinks.File.dll": "CB08EF3C442AFB2353315286B78A7C49",
  "SQLite-net.dll": "4C6E80180423332F2B615A329AFA9F15",
  "SQLitePCLRaw.batteries_v2.dll": "3E8FF56F11ABE4A102277F2D3AC2C197",
  "SQLitePCLRaw.core.dll": "B2BA7E54A020AB0461CC7E575F6EDF66",
  "SQLitePCLRaw.provider.e_sqlite3.dll": "CD235D945305490F860891D45BE34D21",
  "System.Reactive.dll": "C6016588304D55406E3D1C2FA7D42903",
  "System.Reflection.MetadataLoadContext.dll": "284C720DEE2524BCF10DD1B5648AA303",
  "System.Security.Cryptography.Pkcs.dll": "17945B2BF07D9377E36AD3EBE69FF693",
  "TEMP_gitver.txt": "7183B4C1A79612106D2924A9148D805C",
  "TerraFX.Interop.Windows.dll": "C75D06E77DE5A095D45676A81CDE0DC9"
}
