{
  "runtimes\\win-x64\\native\\e_sqlite3.dll": "6A67F4751EF45AE84549A109C0128EFE",
  "runtimes\\win-x64\\native\\minhook.x64d.dll": "54C9C9AF7BD808BB7CCEF4F003051F5A",
  "BCnEncoder.dll": "46406287B240637BA1B3AB0DFD2A0F3C",
  "BitFaster.Caching.dll": "18FBFDF88D3D5E7397BAD1A005B9E7EE",
  "CheapLoc.dll": "1CCFBC7543D29B003090F0D98C41ABE7",
  "cimgui.dll": "4EC955132F8196046B3DF4E7DBF10F6E",
  "cimguizmo.dll": "AC0C96C8D26CBF767552A26FB743B4A9",
  "cimplot.dll": "6B33271A6BC021E60E39E56FFB4A8162",
  "commit_hash.txt": "956D650F3F3768D3829A4DFE36FEDC01",
  "CommunityToolkit.HighPerformance.dll": "66B64EC334625F2C5D341A45E28EEB43",
  "Dalamud.Bindings.ImGui.dll": "7EFACDADBCCD1577346501CE555F9F1B",
  "Dalamud.Bindings.ImGuizmo.dll": "AB90D084BD067F90D6A860220A2BEA10",
  "Dalamud.Bindings.ImPlot.dll": "B80EE4D6FD681548C4EC8DE92E7D8793",
  "Dalamud.Boot.dll": "3BD5F586552B1C4334585EA971A611BC",
  "Dalamud.Common.dll": "4EE3DCB5E725B258481D1948FB1B5102",
  "Dalamud.deps.json": "ED035D18B590B1704E47EC99FBFA9ECE",
  "Dalamud.dll": "EC0CF101D7917CCA6443C90845F1A58A",
  "Dalamud.Injector.deps.json": "BF551CD5D6F45136F32B5F953968F603",
  "Dalamud.Injector.dll": "FFBC156E080C8C94F84430973C193176",
  "Dalamud.Injector.exe": "8D38EFBBD7F6FE578A9F78B31E5378D8",
  "Dalamud.Injector.runtimeconfig.json": "481C4D4F6151485203242D25F632FCC5",
  "Dalamud.runtimeconfig.json": "9DB7F0D7C94CA1AA6CA3ACFA6F93A1D8",
  "DalamudCrashHandler.exe": "848B3DFB30C8AD0E10652AB3068B2BA5",
  "FASM-LICENSE.TXT": "ECEA1D10811221D5F0A3E96F9C38E2C7",
  "FASM.DLL": "793AB4CD7A8D490412747DCD2BED25EC",
  "FASMX64.DLL": "818EF3928DB004EF6FC84FC6CDD48A97",
  "FfxivArgLauncher.deps.json": "3DD792C0EE6B5D2939DA061609B9727B",
  "FfxivArgLauncher.dll": "4BB8DDF09BC243D193E9FDBF65FFC37B",
  "FfxivArgLauncher.exe": "924F4B66F95856CA44C2604595403039",
  "FfxivArgLauncher.runtimeconfig.json": "D7E214E10FCA8BB5A7B8D5E6CB9F9571",
  "FFXIVClientStructs.dll": "D7F1A13E1D0B5B2D7EE056CAE8C18A2C",
  "goatcorp.Reloaded.Assembler.dll": "4E5C2225492BDFF8D499FBFB4476436E",
  "goatcorp.Reloaded.Assembler.targets": "CC22CB0A353E2136EE9E6E96DB9F7164",
  "goatcorp.Reloaded.Hooks.dll": "6176700E8464B2C270072A316E323D62",
  "goatcorp.Reloaded.Memory.Buffers.dll": "30ABC902EE128B73BEDC1232FC2313E8",
  "HexaGen.Runtime.dll": "C2695B8E5E1FD0C1B599A5F8A119962A",
  "HttpClient.Caching.dll": "69ABF345E0CCC2508DD3258CE076023B",
  "Iced.dll": "83224DF19D221DC0D4B0C8125D7C978F",
  "ImGuiScene.dll": "EEBC4CF7104D6FC022618DA364F02267",
  "InteropGenerator.Runtime.dll": "43ABFAEC309846EC5CD5CC6BA902A663",
  "JetBrains.Annotations.dll": "D334483DFBCF8BE6062277E1FB3B94F3",
  "licenses.txt": "A159BE62AA91178EFC3E3983AE874D1D",
  "Lumina.dll": "A82D30EF7CBA12242844E1DB721F76CA",
  "Lumina.Excel.dll": "39F14E50B918BB3B4C6223D7973F7264",
  "Microsoft.Extensions.ObjectPool.dll": "CB2B8426DF93B062B631BC85B3369BED",
  "MinSharp.dll": "C5A02648B291B3574EBC3ACE6CFD9BB5",
  "Mono.Cecil.dll": "C4B802B9B66DC5B2B3F251C8822DA712",
  "Mono.Cecil.Mdb.dll": "54016AFEC9A4541DE4EA7FDC4536BEE6",
  "Mono.Cecil.Pdb.dll": "F100E5CF51EF9837AF10B793F3ED8703",
  "Mono.Cecil.Rocks.dll": "519AFF3818E8871E428F403B9F1BF63D",
  "nethost.dll": "21F39F71E2F4B5BA9FB3F126872F2F9B",
  "Newtonsoft.Json.dll": "C252FE44B67A08E6DAB4EADE3764DB49",
  "PeNet.Asn1.dll": "E99063A628AB5C165EAD0B39645EE9A4",
  "PeNet.dll": "C161A3C5D0792D7EAEC2E2EE2AE68066",
  "Reloaded.Hooks.Definitions.dll": "4A8EC4E27ADEE20C2C0A59B12BD638A0",
  "Reloaded.Memory.Buffers.dll": "C0693F9F2657950AD1D18E6B7B3BC3AC",
  "Reloaded.Memory.dll": "47C30956321030A214C34E7CF8FCB352",
  "Reloaded.Memory.Sigscan.Definitions.dll": "CF7F4F8079E7BCA6C80ACF471462349A",
  "Reloaded.Memory.Sigscan.dll": "C325036BE181C73774CA433BC1E6F674",
  "revision.txt": "8B2DFBE0C1D43F9537DAE01E96458FF1",
  "Serilog.dll": "258BFBBE0DCFC1BC3836D8324A3AF8E6",
  "Serilog.Sinks.Async.dll": "78251F8069115231C1CDDF8DBB57788A",
  "Serilog.Sinks.Console.dll": "A84B270CFB7C4B712E5C4E3A2757E611",
  "Serilog.Sinks.File.dll": "CB08EF3C442AFB2353315286B78A7C49",
  "SQLite-net.dll": "4C6E80180423332F2B615A329AFA9F15",
  "SQLitePCLRaw.batteries_v2.dll": "3E8FF56F11ABE4A102277F2D3AC2C197",
  "SQLitePCLRaw.core.dll": "B2BA7E54A020AB0461CC7E575F6EDF66",
  "SQLitePCLRaw.provider.e_sqlite3.dll": "CD235D945305490F860891D45BE34D21",
  "System.Reactive.dll": "C6016588304D55406E3D1C2FA7D42903",
  "System.Reflection.MetadataLoadContext.dll": "284C720DEE2524BCF10DD1B5648AA303",
  "System.Security.Cryptography.Pkcs.dll": "17945B2BF07D9377E36AD3EBE69FF693",
  "TEMP_gitver.txt": "6783D5124A794DC5697A3813273984C3",
  "TerraFX.Interop.Windows.dll": "C75D06E77DE5A095D45676A81CDE0DC9"
}
