{
  "runtimes\\win-x64\\native\\cimgui.dll": "C3287DA5AE39E8C5AED71E1C85FDA58F",
  "runtimes\\win-x64\\native\\cimguizmo.dll": "18565CA6976586A4FC941E25E16F18AE",
  "runtimes\\win-x64\\native\\cimplot.dll": "095B2DB12EE55A808FBC6C15979CC921",
  "runtimes\\win-x64\\native\\glfw3.dll": "0515F263F8ACE4BA1DB8AADA30AF87D5",
  "runtimes\\win-x64\\native\\minhook.x64d.dll": "54C9C9AF7BD808BB7CCEF4F003051F5A",
  "runtimes\\win-x64\\native\\SDL2.dll": "7A11CBCF3D011D61DFC45EEEA0197839",
  "runtimes\\win-x64\\native\\stbi.dll": "32E0A20B753C874E73D4E53ACCEC7D6D",
  "runtimes\\win-x64\\native\\stbi.lib": "927C214DE576219E1F80DBE7798A0502",
  "targets\\Dalamud.Plugin.Bootstrap.targets": "6406D606CC8075DC321E93123D2DD09B",
  "targets\\Dalamud.Plugin.targets": "F6630CB3D5AC6755A1493FC19F2A36B4",
  "CheapLoc.dll": "1CCFBC7543D29B003090F0D98C41ABE7",
  "Costura.dll": "65700FF9C600CE4D2E89B8638513F725",
  "Dalamud.Boot.dll": "B495E5FFE9BEABACD99868DA266FAEFC",
  "Dalamud.deps.json": "6B7B224EDE4C422F36411D3CB3C06517",
  "Dalamud.dll": "2B399879CD621634415ED8220DC5F940",
  "Dalamud.Injector.deps.json": "D10EED2039C0151239F5EA4FE3A65A7B",
  "Dalamud.Injector.dll": "15E1D0006CEC2838792DD985D64533C8",
  "Dalamud.Injector.exe": "3FE483E9257CDE6930EB193A50F9379C",
  "Dalamud.Injector.runtimeconfig.json": "AAAFA957BB3B382321D67ACC2D792553",
  "Dalamud.Interface.dll": "B54AD6E36D8F7410279FC08290BACA1C",
  "Dalamud.runtimeconfig.json": "454E2BA21742B08CF0A9827950A92B0F",
  "DalamudCrashHandler.exe": "618E3F03D79FC0FA0681F2A020CB26DC",
  "FASM-LICENSE.TXT": "ECEA1D10811221D5F0A3E96F9C38E2C7",
  "FASM.DLL": "793AB4CD7A8D490412747DCD2BED25EC",
  "FASMX64.DLL": "818EF3928DB004EF6FC84FC6CDD48A97",
  "FFXIVClientStructs.dll": "9E2256AB9FA52ED5A7A63A0597EF7246",
  "goaaats.Reloaded.Assembler.targets": "CC22CB0A353E2136EE9E6E96DB9F7164",
  "HttpClient.Caching.dll": "3498C719617902BC77010D478E3A9B01",
  "Iced.dll": "83224DF19D221DC0D4B0C8125D7C978F",
  "ImGui.NET.dll": "AB14EE247B63BFEF727A428C52FCB38E",
  "ImGuiScene.dll": "E736EDCF27689B38A07B0922DC4835DD",
  "JetBrains.Annotations.dll": "FAAB370045A87C53A6995FBD35F4D82E",
  "licenses.txt": "A159BE62AA91178EFC3E3983AE874D1D",
  "Lumina.dll": "3A2B79C45772EB5EE80C58EC3F6CE899",
  "Lumina.Excel.dll": "F396CFAA6B5C14D2F0A1E6907A9DBC14",
  "Microsoft.Bcl.HashCode.dll": "613AB56061ADF2284E047025207467E0",
  "Microsoft.DotNet.PlatformAbstractions.dll": "00AB0F02B1114C57C758F5AD595224F1",
  "Microsoft.Extensions.Caching.Abstractions.dll": "C59D29047388F2383215E2CFE4365E97",
  "Microsoft.Extensions.Caching.Memory.dll": "7574FB0812EE6E0DC2B1CFA164480DE6",
  "Microsoft.Extensions.DependencyInjection.Abstractions.dll": "E8D86C8EA27425BFA8B59619CA0CA7D9",
  "Microsoft.Extensions.DependencyModel.dll": "F39BC76C10CFEA478C936FC4521A9FC9",
  "Microsoft.Extensions.Logging.Abstractions.dll": "5C7662BA9FE09233CEF5D328F32009E9",
  "Microsoft.Extensions.Options.dll": "D543F37707259516F6B53BCF8808E9EA",
  "Microsoft.Extensions.Primitives.dll": "30C23B364D8E46E63763046CA461CE60",
  "MinSharp.dll": "C5A02648B291B3574EBC3ACE6CFD9BB5",
  "Mono.Cecil.dll": "7C40214D60B54749A1A7F79EA6F62BAC",
  "Mono.Cecil.Mdb.dll": "0C4EC4EB146BFE047755669C8060A967",
  "Mono.Cecil.Pdb.dll": "743102D277A8754DC74F7644E03A8956",
  "Mono.Cecil.Rocks.dll": "FE8C2B2EEF6E5E7284DC9B522A7BE468",
  "MonoMod.Backports.dll": "7C003A62932B897A0ECC9040890CB982",
  "MonoMod.Core.dll": "11331D68788B93F5202058D916D06642",
  "MonoMod.Iced.dll": "DFB59ED8BAE6882CB7EB57E5A438423E",
  "MonoMod.ILHelpers.dll": "3A3DEB9EB4DFABBE79DD35A40258E81B",
  "MonoMod.RuntimeDetour.dll": "F6FF68CE37FF34796893250EF59549EF",
  "MonoMod.Utils.dll": "A9E6354E6D656B9E019F7DA54ADF16DD",
  "nethost.dll": "012081214FE71F0F6ADCD9F4A71B2B00",
  "Newtonsoft.Json.dll": "86A83A63F12B55FD3718CFBFB577D7DC",
  "PeNet.Asn1.dll": "13277F0BF9D56C0615296AA3C4792B2C",
  "PeNet.dll": "44B99BADBB59494BCE3B6A4B95377DA8",
  "PInvoke.AdvApi32.dll": "34EE461D05B403C3A15D0DEC32A3788C",
  "PInvoke.BCrypt.dll": "FD07758EE1440491F22923084109FF26",
  "PInvoke.Cabinet.dll": "333D950E3804735DA60CC41D614C63E2",
  "PInvoke.CfgMgr32.dll": "768BE7CC18EDCF78B296A72ABE891691",
  "PInvoke.Crypt32.dll": "E7B00B0851738F4A7F2C6D37DAA973B4",
  "PInvoke.DbgHelp.dll": "E701136169620D20E3A70B560DE20E44",
  "PInvoke.DwmApi.dll": "ACF223CC8962404056648815B486F7D9",
  "PInvoke.Gdi32.dll": "69FF434826F98582CE44D3136ECFFACB",
  "PInvoke.Hid.dll": "2E7A41257F8AD9B26073181F450CD8E5",
  "PInvoke.ImageHlp.dll": "79BE816E8D86EA66489D7780DD675D49",
  "PInvoke.IPHlpApi.dll": "E949FA3326D1BA8872B179AB4EE49D38",
  "PInvoke.Kernel32.dll": "234E15B122ED430DE99490CA1A204958",
  "PInvoke.Magnification.dll": "C9EA3D34F506741ECC044DB19C151F09",
  "PInvoke.Msi.dll": "69EE50CE2DA6B55755E52589F49A7EBC",
  "PInvoke.NCrypt.dll": "DA1DE76C14D99370CA3BEF19DC299B15",
  "PInvoke.NetApi32.dll": "AE79F9FA2E3864A5E0642AE4622ECDC5",
  "PInvoke.NewDev.dll": "B3E1992105D986EF9C5C8E4B630FBB07",
  "PInvoke.NTDll.dll": "3F6BDF840EB27DD0FD9EB8071822183A",
  "PInvoke.Ole32.dll": "3C49FB100B60519FFE725BCD12A538F6",
  "PInvoke.Psapi.dll": "A7683EE4B880227F01C8AE632A892B9E",
  "PInvoke.SetupApi.dll": "1B7AE321185D0081D1759A9AD829F9BA",
  "PInvoke.SHCore.dll": "F27E7F063D51480F6D2294C903E4A606",
  "PInvoke.Shell32.dll": "F71A1BCAF6478190691170DAEA77722F",
  "PInvoke.User32.dll": "8BEDE38311ED4F27127290B81B8079FD",
  "PInvoke.Userenv.dll": "FEB7BCA90B8C905EC2F4BB0789847131",
  "PInvoke.UxTheme.dll": "8E683C016250CB719FDB9AAAFC22B3C5",
  "PInvoke.Windows.Core.dll": "90015440A44935208FFEA9BF61740651",
  "PInvoke.Windows.ShellScalingApi.dll": "F351B34B8C9183A51CADFDC279357C49",
  "PInvoke.WinUsb.dll": "9EB8A0280F2848D1A32B560A939F7336",
  "PInvoke.WtsApi32.dll": "341C94455D2E5893DBE4293D4D67AA4D",
  "Reloaded.Assembler.dll": "36AB7F840C8134AEE6D55A981695ABFA",
  "Reloaded.Hooks.Definitions.dll": "4A8EC4E27ADEE20C2C0A59B12BD638A0",
  "Reloaded.Hooks.dll": "3BA0D6AB2CE0C8EEE80BF2921B5D8765",
  "Reloaded.Memory.Buffers.dll": "C0693F9F2657950AD1D18E6B7B3BC3AC",
  "Reloaded.Memory.dll": "47C30956321030A214C34E7CF8FCB352",
  "revision.txt": "F04CD7399B2B0128970EFB6D20B5C551",
  "SDL2-CS.config": "65557595FD5DF55D93B2BF881DE62C3A",
  "SDL2-CS.dll": "E5CD37F4353F5E8062985D2E38030A50",
  "Serilog.dll": "26661AA51C547414F531E8B13455D674",
  "Serilog.Sinks.Async.dll": "3106495323806F04C7837F30B1937D39",
  "Serilog.Sinks.Console.dll": "464F86757541FC0D1B1A1B1124FED46C",
  "Serilog.Sinks.File.dll": "E5AE6947F5EF06D6A52A86D07CEBCB3B",
  "SharpDX.Direct3D11.dll": "D2C094FEF2DF16D0FE0E538F4179FDA1",
  "SharpDX.dll": "6C00B8BE8FB6FF838C79C9DE405DB1F5",
  "SharpDX.DXGI.dll": "FACCD233E453D81A69C5081971031ED9",
  "SharpDX.Mathematics.dll": "627AA0022B8549C41DC65777CEC20F30",
  "Silk.NET.Core.dll": "B68191524395A1A200E668FB7722EB30",
  "Silk.NET.GLFW.dll": "FA158408831CA3B3A9BCDB5ADED20C8E",
  "Silk.NET.Maths.dll": "C9B9FF599E789D8AEC49E85DDCED1A1E",
  "Silk.NET.OpenGL.dll": "5CAEF87F2B3A920F28B255E5442CA01F",
  "Silk.NET.SDL.dll": "7F4F0250947EC2A5CA5E51BF5E8D4BC1",
  "Silk.NET.Windowing.Common.dll": "C1EC1EDC12583BD7F261D0EF764544C9",
  "Silk.NET.Windowing.Glfw.dll": "A90DDB9755E4159F355E057149787351",
  "Silk.NET.Windowing.Sdl.dll": "8E8DD33C9F719106C920641563613E76",
  "StbiSharp.dll": "E74B723FBB51F705C02A351B06C90F07",
  "System.Reactive.dll": "EF5A00287AD15393D41B12AA4B726FF7",
  "System.Reflection.MetadataLoadContext.dll": "7EC41D41F4E1246757BA3E2EC862D562",
  "System.Security.Cryptography.Pkcs.dll": "8950E01996A37E808BE3F39063C37BF9",
  "TEMP_gitver.txt": "CC8E266DBDF38AFBA9F611E22E540F1F",
  "Validation.dll": "B2E7F6E81AB0DCF99FC04497A525C145"
}
