{
  "runtimes\\win-x64\\native\\cimgui.dll": "C3287DA5AE39E8C5AED71E1C85FDA58F",
  "runtimes\\win-x64\\native\\cimguizmo.dll": "18565CA6976586A4FC941E25E16F18AE",
  "runtimes\\win-x64\\native\\cimplot.dll": "095B2DB12EE55A808FBC6C15979CC921",
  "runtimes\\win-x64\\native\\glfw3.dll": "0515F263F8ACE4BA1DB8AADA30AF87D5",
  "runtimes\\win-x64\\native\\minhook.x64d.dll": "54C9C9AF7BD808BB7CCEF4F003051F5A",
  "runtimes\\win-x64\\native\\SDL2.dll": "7A11CBCF3D011D61DFC45EEEA0197839",
  "runtimes\\win-x64\\native\\stbi.dll": "32E0A20B753C874E73D4E53ACCEC7D6D",
  "runtimes\\win-x64\\native\\stbi.lib": "927C214DE576219E1F80DBE7798A0502",
  "CheapLoc.dll": "A889B7561AD4B1C74419AE53135F0DDE",
  "Costura.dll": "65700FF9C600CE4D2E89B8638513F725",
  "Dalamud.Boot.dll": "CB7A640F59566391381BAEBB963E5F75",
  "Dalamud.deps.json": "80FD6795D3A788BE478C296A9D18B7E5",
  "Dalamud.dll": "23EA32CB093886C998540CCD2393C0C2",
  "Dalamud.Injector.deps.json": "904E95C08D2471D65B18D498780D8CBD",
  "Dalamud.Injector.dll": "47B02CE02B9272EA8F15102EE3131737",
  "Dalamud.Injector.exe": "3C071F8A994D1A95AEE3C6E7BFA80ECD",
  "Dalamud.Injector.runtimeconfig.json": "9ECF2F631AAD8F7138C49FD97CE9BABA",
  "Dalamud.runtimeconfig.json": "5D6AB666FB94E136578929A9E2469705",
  "DalamudCrashHandler.exe": "3D45B78D2F2A7835D2992572B2C74F8F",
  "FASM-LICENSE.TXT": "ECEA1D10811221D5F0A3E96F9C38E2C7",
  "FASM.DLL": "793AB4CD7A8D490412747DCD2BED25EC",
  "FASMX64.DLL": "818EF3928DB004EF6FC84FC6CDD48A97",
  "FFXIVClientStructs.dll": "E7AF7FE5558A62F6FCDDE30114450DD1",
  "goaaats.Reloaded.Assembler.targets": "CC22CB0A353E2136EE9E6E96DB9F7164",
  "HttpClient.Caching.dll": "3498C719617902BC77010D478E3A9B01",
  "Iced.dll": "83224DF19D221DC0D4B0C8125D7C978F",
  "ImGui.NET.dll": "D7D0689D9743E98E7FD6A9D983DEFEF4",
  "ImGuiScene.dll": "DE529DD8EB73A54D9983BC72D003AAE8",
  "JetBrains.Annotations.dll": "FAAB370045A87C53A6995FBD35F4D82E",
  "licenses.txt": "A159BE62AA91178EFC3E3983AE874D1D",
  "Lumina.dll": "A0EFF2A046891872EDFCB795A7FC8430",
  "Lumina.Excel.dll": "C8D38F5F819633B0ED22B2B2E024A68D",
  "Microsoft.Bcl.HashCode.dll": "613AB56061ADF2284E047025207467E0",
  "Microsoft.DotNet.PlatformAbstractions.dll": "00AB0F02B1114C57C758F5AD595224F1",
  "Microsoft.Extensions.Caching.Abstractions.dll": "89F216CF8EACB39551AC5DF4DF726D7F",
  "Microsoft.Extensions.Caching.Memory.dll": "F60F3D61EA68254B8A5EE1F50E95F56F",
  "Microsoft.Extensions.DependencyInjection.Abstractions.dll": "6C8655836651933FFA4C253B5FA72939",
  "Microsoft.Extensions.DependencyModel.dll": "F39BC76C10CFEA478C936FC4521A9FC9",
  "Microsoft.Extensions.Logging.Abstractions.dll": "5127DDC4377A4FEC97EAC8E991477D00",
  "Microsoft.Extensions.Options.dll": "2CDE060200F09D54A11200F693D84BC9",
  "Microsoft.Extensions.Primitives.dll": "3BA07A6760BE077504734E9C0BE0CCE3",
  "MinSharp.dll": "C5A02648B291B3574EBC3ACE6CFD9BB5",
  "Mono.Cecil.dll": "7C40214D60B54749A1A7F79EA6F62BAC",
  "Mono.Cecil.Mdb.dll": "0C4EC4EB146BFE047755669C8060A967",
  "Mono.Cecil.Pdb.dll": "743102D277A8754DC74F7644E03A8956",
  "Mono.Cecil.Rocks.dll": "FE8C2B2EEF6E5E7284DC9B522A7BE468",
  "MonoMod.RuntimeDetour.dll": "902F9708500C77C154C0C2983FD2CEA2",
  "MonoMod.Utils.dll": "262AE62C0EF760AA062186560DA85DAE",
  "nethost.dll": "012081214FE71F0F6ADCD9F4A71B2B00",
  "Newtonsoft.Json.dll": "916D32B899F1BC23B209648D007B99FD",
  "PeNet.Asn1.dll": "13277F0BF9D56C0615296AA3C4792B2C",
  "PeNet.dll": "44B99BADBB59494BCE3B6A4B95377DA8",
  "PInvoke.AdvApi32.dll": "34EE461D05B403C3A15D0DEC32A3788C",
  "PInvoke.BCrypt.dll": "FD07758EE1440491F22923084109FF26",
  "PInvoke.Cabinet.dll": "333D950E3804735DA60CC41D614C63E2",
  "PInvoke.CfgMgr32.dll": "768BE7CC18EDCF78B296A72ABE891691",
  "PInvoke.Crypt32.dll": "E7B00B0851738F4A7F2C6D37DAA973B4",
  "PInvoke.DbgHelp.dll": "E701136169620D20E3A70B560DE20E44",
  "PInvoke.DwmApi.dll": "ACF223CC8962404056648815B486F7D9",
  "PInvoke.Gdi32.dll": "69FF434826F98582CE44D3136ECFFACB",
  "PInvoke.Hid.dll": "2E7A41257F8AD9B26073181F450CD8E5",
  "PInvoke.ImageHlp.dll": "79BE816E8D86EA66489D7780DD675D49",
  "PInvoke.IPHlpApi.dll": "E949FA3326D1BA8872B179AB4EE49D38",
  "PInvoke.Kernel32.dll": "234E15B122ED430DE99490CA1A204958",
  "PInvoke.Magnification.dll": "C9EA3D34F506741ECC044DB19C151F09",
  "PInvoke.Msi.dll": "69EE50CE2DA6B55755E52589F49A7EBC",
  "PInvoke.NCrypt.dll": "DA1DE76C14D99370CA3BEF19DC299B15",
  "PInvoke.NetApi32.dll": "AE79F9FA2E3864A5E0642AE4622ECDC5",
  "PInvoke.NewDev.dll": "B3E1992105D986EF9C5C8E4B630FBB07",
  "PInvoke.NTDll.dll": "3F6BDF840EB27DD0FD9EB8071822183A",
  "PInvoke.Ole32.dll": "3C49FB100B60519FFE725BCD12A538F6",
  "PInvoke.Psapi.dll": "A7683EE4B880227F01C8AE632A892B9E",
  "PInvoke.SetupApi.dll": "1B7AE321185D0081D1759A9AD829F9BA",
  "PInvoke.SHCore.dll": "F27E7F063D51480F6D2294C903E4A606",
  "PInvoke.Shell32.dll": "F71A1BCAF6478190691170DAEA77722F",
  "PInvoke.User32.dll": "8BEDE38311ED4F27127290B81B8079FD",
  "PInvoke.Userenv.dll": "FEB7BCA90B8C905EC2F4BB0789847131",
  "PInvoke.UxTheme.dll": "8E683C016250CB719FDB9AAAFC22B3C5",
  "PInvoke.Windows.Core.dll": "90015440A44935208FFEA9BF61740651",
  "PInvoke.Windows.ShellScalingApi.dll": "F351B34B8C9183A51CADFDC279357C49",
  "PInvoke.WinUsb.dll": "9EB8A0280F2848D1A32B560A939F7336",
  "PInvoke.WtsApi32.dll": "341C94455D2E5893DBE4293D4D67AA4D",
  "Reloaded.Assembler.dll": "36AB7F840C8134AEE6D55A981695ABFA",
  "Reloaded.Hooks.Definitions.dll": "4A8EC4E27ADEE20C2C0A59B12BD638A0",
  "Reloaded.Hooks.dll": "6B7A5B2CA1DEEBC45B5F06AB54DBAD3B",
  "Reloaded.Memory.Buffers.dll": "C0693F9F2657950AD1D18E6B7B3BC3AC",
  "Reloaded.Memory.dll": "47C30956321030A214C34E7CF8FCB352",
  "SDL2-CS.config": "65557595FD5DF55D93B2BF881DE62C3A",
  "SDL2-CS.dll": "E5CD37F4353F5E8062985D2E38030A50",
  "Serilog.dll": "26661AA51C547414F531E8B13455D674",
  "Serilog.Sinks.Async.dll": "3106495323806F04C7837F30B1937D39",
  "Serilog.Sinks.Console.dll": "464F86757541FC0D1B1A1B1124FED46C",
  "Serilog.Sinks.File.dll": "E5AE6947F5EF06D6A52A86D07CEBCB3B",
  "SharpDX.Direct3D11.dll": "D2C094FEF2DF16D0FE0E538F4179FDA1",
  "SharpDX.dll": "6C00B8BE8FB6FF838C79C9DE405DB1F5",
  "SharpDX.DXGI.dll": "FACCD233E453D81A69C5081971031ED9",
  "SharpDX.Mathematics.dll": "627AA0022B8549C41DC65777CEC20F30",
  "Silk.NET.Core.dll": "B68191524395A1A200E668FB7722EB30",
  "Silk.NET.GLFW.dll": "FA158408831CA3B3A9BCDB5ADED20C8E",
  "Silk.NET.Maths.dll": "C9B9FF599E789D8AEC49E85DDCED1A1E",
  "Silk.NET.OpenGL.dll": "5CAEF87F2B3A920F28B255E5442CA01F",
  "Silk.NET.SDL.dll": "7F4F0250947EC2A5CA5E51BF5E8D4BC1",
  "Silk.NET.Windowing.Common.dll": "C1EC1EDC12583BD7F261D0EF764544C9",
  "Silk.NET.Windowing.Glfw.dll": "A90DDB9755E4159F355E057149787351",
  "Silk.NET.Windowing.Sdl.dll": "8E8DD33C9F719106C920641563613E76",
  "StbiSharp.dll": "E74B723FBB51F705C02A351B06C90F07",
  "System.Reflection.MetadataLoadContext.dll": "5675DBCB2208324B6CB8D2D334682132",
  "System.Security.Cryptography.Pkcs.dll": "8950E01996A37E808BE3F39063C37BF9",
  "Validation.dll": "B2E7F6E81AB0DCF99FC04497A525C145"
}
