{
  "runtimes\\win\\lib\\net8.0\\System.Management.dll": "E1422B4C04B923DCFE00A55290DC18A6",
  "runtimes\\win-x64\\native\\e_sqlite3.dll": "B429904F765F9EC975A15E8AB8CEB569",
  "runtimes\\win-x64\\native\\glfw3.dll": "0515F263F8ACE4BA1DB8AADA30AF87D5",
  "runtimes\\win-x64\\native\\minhook.x64d.dll": "54C9C9AF7BD808BB7CCEF4F003051F5A",
  "runtimes\\win-x64\\native\\SDL2.dll": "7A11CBCF3D011D61DFC45EEEA0197839",
  "runtimes\\win-x64\\native\\stbi.dll": "32E0A20B753C874E73D4E53ACCEC7D6D",
  "runtimes\\win-x64\\native\\stbi.lib": "927C214DE576219E1F80DBE7798A0502",
  "targets\\Dalamud.Plugin.Bootstrap.targets": "C85635161398CD9852CF7212DB7EB904",
  "targets\\Dalamud.Plugin.targets": "69D15EDFB3D4F0BEE3A099216E4DE057",
  "BitFaster.Caching.dll": "A8FE0554AF400EFD41762159DD915155",
  "CheapLoc.dll": "1CCFBC7543D29B003090F0D98C41ABE7",
  "cimgui.dll": "3722242BB486188DE0728B3085EBB606",
  "cimguizmo.dll": "9F355E6E2580B88E6EB8CFD8AC567255",
  "cimplot.dll": "E687E117A0251DB97789173BB95EF7F0",
  "commit_hash.txt": "946D20CDCB0421C40BCC18E89A58038E",
  "Dalamud.Boot.dll": "99E4B5BE4B67F9111DCEE8F44F71FBF6",
  "Dalamud.Common.dll": "9404DABD402CA20BDD8209A46DA165D1",
  "Dalamud.deps.json": "E230204323674515FE09B782A05CC0C1",
  "Dalamud.dll": "8874442FB9AB16E1E6A1851F8B4819DA",
  "Dalamud.Injector.deps.json": "3235F8DB7B9DB5D6405FA354BD8558DA",
  "Dalamud.Injector.dll": "968A3B1AF98978D51DB94080C9E667A6",
  "Dalamud.Injector.exe": "A380E10CDD7231F99AA43F8E75F75F07",
  "Dalamud.Injector.runtimeconfig.json": "B9BB65FFE7924D4D8BABE9FA66303200",
  "Dalamud.runtimeconfig.json": "2A9CD915428BDD175E0889BD0C225F75",
  "DalamudCrashHandler.exe": "AEBB16C127E1B7CE40F20FFC9CE983CE",
  "DeviceId.dll": "8D7005DDE6E078D040978D93A723D638",
  "DeviceId.Linux.dll": "6A1A95339AF07B9C4604667653BC8829",
  "DeviceId.Mac.dll": "603477FE26D783C2AFF6849F77A0DE47",
  "FASM-LICENSE.TXT": "ECEA1D10811221D5F0A3E96F9C38E2C7",
  "FASM.DLL": "793AB4CD7A8D490412747DCD2BED25EC",
  "FASMX64.DLL": "818EF3928DB004EF6FC84FC6CDD48A97",
  "FfxivArgLauncher.deps.json": "68BCE876BEBE3FBE9751D1092DA4FA86",
  "FfxivArgLauncher.dll": "F92C1EB1B0407F0462755C0EEB95A1DE",
  "FfxivArgLauncher.exe": "C8AFC1F0E5782A10A3C2F6E24AAAA3D4",
  "FfxivArgLauncher.runtimeconfig.json": "227116E4C01A8311FDD386B074845CD8",
  "FFXIVClientStructs.dll": "15A0EE23775AB6423D511C2F14643C92",
  "goaaats.Reloaded.Assembler.targets": "CC22CB0A353E2136EE9E6E96DB9F7164",
  "HttpClient.Caching.dll": "3498C719617902BC77010D478E3A9B01",
  "Iced.dll": "83224DF19D221DC0D4B0C8125D7C978F",
  "ImGui.NET.dll": "20ED5B22F59BC85CD3505AADF57C5687",
  "ImGuiScene.dll": "8F4F8C7C52CA63BBCE5EA690A0AAF8D8",
  "InteropGenerator.Runtime.dll": "EE4923226D5118D107363BF9394A63B3",
  "JetBrains.Annotations.dll": "8429437B071BB895CADD971763C429FB",
  "licenses.txt": "A159BE62AA91178EFC3E3983AE874D1D",
  "Lumina.dll": "3507C32EB2158965414DEA6631A5BBD2",
  "Lumina.Excel.dll": "49DBAA58C3C166FE0279EBE8155F5032",
  "Microsoft.Bcl.HashCode.dll": "613AB56061ADF2284E047025207467E0",
  "Microsoft.DotNet.PlatformAbstractions.dll": "00AB0F02B1114C57C758F5AD595224F1",
  "Microsoft.Extensions.DependencyModel.dll": "F39BC76C10CFEA478C936FC4521A9FC9",
  "Microsoft.Extensions.ObjectPool.dll": "FEE3CE8A84417360CC5ED787ED6F7DB1",
  "MinSharp.dll": "C5A02648B291B3574EBC3ACE6CFD9BB5",
  "Mono.Cecil.dll": "C4B802B9B66DC5B2B3F251C8822DA712",
  "Mono.Cecil.Mdb.dll": "54016AFEC9A4541DE4EA7FDC4536BEE6",
  "Mono.Cecil.Pdb.dll": "F100E5CF51EF9837AF10B793F3ED8703",
  "Mono.Cecil.Rocks.dll": "519AFF3818E8871E428F403B9F1BF63D",
  "nethost.dll": "21F39F71E2F4B5BA9FB3F126872F2F9B",
  "Newtonsoft.Json.dll": "ADF3E3EECDE20B7C9661E9C47106A14A",
  "PeNet.Asn1.dll": "13277F0BF9D56C0615296AA3C4792B2C",
  "PeNet.dll": "44B99BADBB59494BCE3B6A4B95377DA8",
  "PInvoke.AdvApi32.dll": "34EE461D05B403C3A15D0DEC32A3788C",
  "PInvoke.BCrypt.dll": "FD07758EE1440491F22923084109FF26",
  "PInvoke.Cabinet.dll": "333D950E3804735DA60CC41D614C63E2",
  "PInvoke.CfgMgr32.dll": "768BE7CC18EDCF78B296A72ABE891691",
  "PInvoke.Crypt32.dll": "E7B00B0851738F4A7F2C6D37DAA973B4",
  "PInvoke.DbgHelp.dll": "E701136169620D20E3A70B560DE20E44",
  "PInvoke.DwmApi.dll": "ACF223CC8962404056648815B486F7D9",
  "PInvoke.Gdi32.dll": "69FF434826F98582CE44D3136ECFFACB",
  "PInvoke.Hid.dll": "2E7A41257F8AD9B26073181F450CD8E5",
  "PInvoke.ImageHlp.dll": "79BE816E8D86EA66489D7780DD675D49",
  "PInvoke.IPHlpApi.dll": "E949FA3326D1BA8872B179AB4EE49D38",
  "PInvoke.Kernel32.dll": "234E15B122ED430DE99490CA1A204958",
  "PInvoke.Magnification.dll": "C9EA3D34F506741ECC044DB19C151F09",
  "PInvoke.Msi.dll": "69EE50CE2DA6B55755E52589F49A7EBC",
  "PInvoke.NCrypt.dll": "DA1DE76C14D99370CA3BEF19DC299B15",
  "PInvoke.NetApi32.dll": "AE79F9FA2E3864A5E0642AE4622ECDC5",
  "PInvoke.NewDev.dll": "B3E1992105D986EF9C5C8E4B630FBB07",
  "PInvoke.NTDll.dll": "3F6BDF840EB27DD0FD9EB8071822183A",
  "PInvoke.Ole32.dll": "3C49FB100B60519FFE725BCD12A538F6",
  "PInvoke.Psapi.dll": "A7683EE4B880227F01C8AE632A892B9E",
  "PInvoke.SetupApi.dll": "1B7AE321185D0081D1759A9AD829F9BA",
  "PInvoke.SHCore.dll": "F27E7F063D51480F6D2294C903E4A606",
  "PInvoke.Shell32.dll": "F71A1BCAF6478190691170DAEA77722F",
  "PInvoke.User32.dll": "8BEDE38311ED4F27127290B81B8079FD",
  "PInvoke.Userenv.dll": "FEB7BCA90B8C905EC2F4BB0789847131",
  "PInvoke.UxTheme.dll": "8E683C016250CB719FDB9AAAFC22B3C5",
  "PInvoke.Windows.Core.dll": "90015440A44935208FFEA9BF61740651",
  "PInvoke.Windows.ShellScalingApi.dll": "F351B34B8C9183A51CADFDC279357C49",
  "PInvoke.WinUsb.dll": "9EB8A0280F2848D1A32B560A939F7336",
  "PInvoke.WtsApi32.dll": "341C94455D2E5893DBE4293D4D67AA4D",
  "Reloaded.Assembler.dll": "36AB7F840C8134AEE6D55A981695ABFA",
  "Reloaded.Hooks.Definitions.dll": "4A8EC4E27ADEE20C2C0A59B12BD638A0",
  "Reloaded.Hooks.dll": "3BA0D6AB2CE0C8EEE80BF2921B5D8765",
  "Reloaded.Memory.Buffers.dll": "C0693F9F2657950AD1D18E6B7B3BC3AC",
  "Reloaded.Memory.dll": "47C30956321030A214C34E7CF8FCB352",
  "Reloaded.Memory.Sigscan.Definitions.dll": "CF7F4F8079E7BCA6C80ACF471462349A",
  "Reloaded.Memory.Sigscan.dll": "C325036BE181C73774CA433BC1E6F674",
  "revision.txt": "E769E03A9D329B2E864B4BF4FF54FF39",
  "SDL2-CS.config": "65557595FD5DF55D93B2BF881DE62C3A",
  "SDL2-CS.dll": "2B88C66EF9BC1411068742E004ECB95F",
  "Serilog.dll": "A8CFC3ABD62DAA399BC0F074A524C79F",
  "Serilog.Sinks.Async.dll": "47AD053C8BCB69774C9C09E8B52FE780",
  "Serilog.Sinks.Console.dll": "3A5FF30999E1DDB36C1AF375661BB5E6",
  "Serilog.Sinks.File.dll": "5C857C5926B0E7FCE94FA5301759E49D",
  "SharpDX.Direct3D11.dll": "D2C094FEF2DF16D0FE0E538F4179FDA1",
  "SharpDX.dll": "6C00B8BE8FB6FF838C79C9DE405DB1F5",
  "SharpDX.DXGI.dll": "FACCD233E453D81A69C5081971031ED9",
  "SharpDX.Mathematics.dll": "627AA0022B8549C41DC65777CEC20F30",
  "Silk.NET.Core.dll": "B68191524395A1A200E668FB7722EB30",
  "Silk.NET.GLFW.dll": "FA158408831CA3B3A9BCDB5ADED20C8E",
  "Silk.NET.Maths.dll": "C9B9FF599E789D8AEC49E85DDCED1A1E",
  "Silk.NET.OpenGL.dll": "5CAEF87F2B3A920F28B255E5442CA01F",
  "Silk.NET.SDL.dll": "7F4F0250947EC2A5CA5E51BF5E8D4BC1",
  "Silk.NET.Windowing.Common.dll": "C1EC1EDC12583BD7F261D0EF764544C9",
  "Silk.NET.Windowing.Glfw.dll": "A90DDB9755E4159F355E057149787351",
  "Silk.NET.Windowing.Sdl.dll": "8E8DD33C9F719106C920641563613E76",
  "SQLite-net.dll": "E9B6CAF8D7A3351D36BF3C16FCCD5BB6",
  "SQLitePCLRaw.batteries_v2.dll": "5472974544D9B966D92C20E6BB35E748",
  "SQLitePCLRaw.core.dll": "0A36ED8E992EB5EBFF31D42F92EB95D5",
  "SQLitePCLRaw.nativelibrary.dll": "BE69666DDB60726F84CAF1F65F0BA908",
  "SQLitePCLRaw.provider.dynamic_cdecl.dll": "0AC6718A06B661EE8D5D41F84C4AA9BA",
  "StbiSharp.dll": "E74B723FBB51F705C02A351B06C90F07",
  "System.Management.dll": "BFCE986BEFFF53F3270F1476BCB11C54",
  "System.Reactive.dll": "EF5A00287AD15393D41B12AA4B726FF7",
  "System.Reflection.MetadataLoadContext.dll": "E88E3AF6D37736F339022C9ACC5F2F7B",
  "System.Security.Cryptography.Pkcs.dll": "8950E01996A37E808BE3F39063C37BF9",
  "TEMP_gitver.txt": "A3F318BF4C70E22D626C79C0E85BEACD",
  "TerraFX.Interop.Windows.dll": "84F7EF6B0DE91F8CC23F773D3FD6DEC0",
  "Validation.dll": "B2E7F6E81AB0DCF99FC04497A525C145"
}
