{
  "runtimes\\win\\lib\\net9.0\\System.Management.dll": "15B61342C6E92BC52F2348F8BF5AF367",
  "runtimes\\win-x64\\native\\e_sqlite3.dll": "B429904F765F9EC975A15E8AB8CEB569",
  "runtimes\\win-x64\\native\\minhook.x64d.dll": "54C9C9AF7BD808BB7CCEF4F003051F5A",
  "targets\\Dalamud.Plugin.Bootstrap.targets": "C85635161398CD9852CF7212DB7EB904",
  "targets\\Dalamud.Plugin.targets": "394EE2BEC70254F76ABBE2C33F62BBFA",
  "BCnEncoder.dll": "46406287B240637BA1B3AB0DFD2A0F3C",
  "BitFaster.Caching.dll": "A8FE0554AF400EFD41762159DD915155",
  "CheapLoc.dll": "1CCFBC7543D29B003090F0D98C41ABE7",
  "cimgui.dll": "CE47EB9141772650BC75AC25E373B20B",
  "cimguizmo.dll": "82DB96908E59FCA1D82FE404BAFEE60D",
  "cimplot.dll": "D5A3E7AB8B1C1F1B3590EA98B54EC912",
  "commit_hash.txt": "A31DE45CBD0E0AF6A39EFB902296033F",
  "CommunityToolkit.HighPerformance.dll": "66B64EC334625F2C5D341A45E28EEB43",
  "Dalamud.Bindings.ImGui.dll": "2BAB18BECE6584D5F44CE5919B7E3F96",
  "Dalamud.Bindings.ImGuizmo.dll": "8E76DD4953C56F35586815835B34DE72",
  "Dalamud.Bindings.ImPlot.dll": "B612C9F10EBC88C09E41313A1FDD9EEF",
  "Dalamud.Boot.dll": "C390B48D997F9C528F38D9E149AD43E4",
  "Dalamud.Common.dll": "CD13232C90698B65A6F16D334B525DFE",
  "Dalamud.deps.json": "23E4F5F92AF02AE530153A37E99C2B80",
  "Dalamud.dll": "F6CAE332FF2F5F65960C604D48C1D162",
  "Dalamud.Injector.deps.json": "A74B3F000D39678F64B190A94D3A3C63",
  "Dalamud.Injector.dll": "30BA59EC889021EC652FA14A47A633A0",
  "Dalamud.Injector.exe": "3911DD1C8C4D8B0405A8889C36E97CDC",
  "Dalamud.Injector.runtimeconfig.json": "439C534917CEF268A731631073E50FE4",
  "Dalamud.runtimeconfig.json": "CA3935E9C6B9E3300F2D7171E4AF6335",
  "DalamudCrashHandler.exe": "BEDD1E46F9609C17F64498A41BCF39B5",
  "DeviceId.dll": "41E45668CF15A8024CB410AEF7C482AF",
  "DeviceId.Linux.dll": "878EEDC1C21DC0C08E26E1B1CE0423A9",
  "DeviceId.Mac.dll": "F899669076391D73A1DE79A863479F30",
  "FASM-LICENSE.TXT": "ECEA1D10811221D5F0A3E96F9C38E2C7",
  "FASM.DLL": "793AB4CD7A8D490412747DCD2BED25EC",
  "FASMX64.DLL": "818EF3928DB004EF6FC84FC6CDD48A97",
  "FfxivArgLauncher.deps.json": "92CADC6E8724972276CB3BFE0F883E3A",
  "FfxivArgLauncher.dll": "1D4C8D6B555F64021D1D24AD4CE9E2B0",
  "FfxivArgLauncher.exe": "F3628A1F310AEBDFFD4B5A3B4475EE72",
  "FfxivArgLauncher.runtimeconfig.json": "D7E214E10FCA8BB5A7B8D5E6CB9F9571",
  "FFXIVClientStructs.dll": "C67C12BA3FCA7E4E26DDC3E01184CD0A",
  "goatcorp.Reloaded.Assembler.dll": "4E5C2225492BDFF8D499FBFB4476436E",
  "goatcorp.Reloaded.Assembler.targets": "CC22CB0A353E2136EE9E6E96DB9F7164",
  "goatcorp.Reloaded.Hooks.dll": "6176700E8464B2C270072A316E323D62",
  "goatcorp.Reloaded.Memory.Buffers.dll": "30ABC902EE128B73BEDC1232FC2313E8",
  "HexaGen.Runtime.dll": "C2695B8E5E1FD0C1B599A5F8A119962A",
  "HttpClient.Caching.dll": "69ABF345E0CCC2508DD3258CE076023B",
  "Iced.dll": "83224DF19D221DC0D4B0C8125D7C978F",
  "ImGuiScene.dll": "F4572B58E10F56CDC4903A9FF769B2EF",
  "InteropGenerator.Runtime.dll": "8A77F58F4CCB0EE9C59B80BA07B5E9AC",
  "JetBrains.Annotations.dll": "1F1DF9884557A30BAD3341D34240DC6D",
  "licenses.txt": "A159BE62AA91178EFC3E3983AE874D1D",
  "Lumina.dll": "0E0FB15DEBD5348DE6ED8BD152F09989",
  "Lumina.Excel.dll": "7A53D85E2BA73ABB54B05B37D8257090",
  "Microsoft.Extensions.ObjectPool.dll": "5510583E2B50BE953814615586673C33",
  "MinSharp.dll": "C5A02648B291B3574EBC3ACE6CFD9BB5",
  "Mono.Cecil.dll": "C4B802B9B66DC5B2B3F251C8822DA712",
  "Mono.Cecil.Mdb.dll": "54016AFEC9A4541DE4EA7FDC4536BEE6",
  "Mono.Cecil.Pdb.dll": "F100E5CF51EF9837AF10B793F3ED8703",
  "Mono.Cecil.Rocks.dll": "519AFF3818E8871E428F403B9F1BF63D",
  "nethost.dll": "21F39F71E2F4B5BA9FB3F126872F2F9B",
  "Newtonsoft.Json.dll": "ADF3E3EECDE20B7C9661E9C47106A14A",
  "PeNet.Asn1.dll": "13277F0BF9D56C0615296AA3C4792B2C",
  "PeNet.dll": "44B99BADBB59494BCE3B6A4B95377DA8",
  "Reloaded.Hooks.Definitions.dll": "4A8EC4E27ADEE20C2C0A59B12BD638A0",
  "Reloaded.Memory.Buffers.dll": "C0693F9F2657950AD1D18E6B7B3BC3AC",
  "Reloaded.Memory.dll": "47C30956321030A214C34E7CF8FCB352",
  "Reloaded.Memory.Sigscan.Definitions.dll": "CF7F4F8079E7BCA6C80ACF471462349A",
  "Reloaded.Memory.Sigscan.dll": "C325036BE181C73774CA433BC1E6F674",
  "revision.txt": "4B97B5AD9D466DE90E5D901C0557B21A",
  "Serilog.dll": "A8CFC3ABD62DAA399BC0F074A524C79F",
  "Serilog.Sinks.Async.dll": "47AD053C8BCB69774C9C09E8B52FE780",
  "Serilog.Sinks.Console.dll": "3A5FF30999E1DDB36C1AF375661BB5E6",
  "Serilog.Sinks.File.dll": "5C857C5926B0E7FCE94FA5301759E49D",
  "SharpDX.Direct3D11.dll": "D2C094FEF2DF16D0FE0E538F4179FDA1",
  "SharpDX.dll": "6C00B8BE8FB6FF838C79C9DE405DB1F5",
  "SharpDX.DXGI.dll": "FACCD233E453D81A69C5081971031ED9",
  "SharpDX.Mathematics.dll": "627AA0022B8549C41DC65777CEC20F30",
  "SQLite-net.dll": "E9B6CAF8D7A3351D36BF3C16FCCD5BB6",
  "SQLitePCLRaw.batteries_v2.dll": "5472974544D9B966D92C20E6BB35E748",
  "SQLitePCLRaw.core.dll": "0A36ED8E992EB5EBFF31D42F92EB95D5",
  "SQLitePCLRaw.nativelibrary.dll": "BE69666DDB60726F84CAF1F65F0BA908",
  "SQLitePCLRaw.provider.dynamic_cdecl.dll": "0AC6718A06B661EE8D5D41F84C4AA9BA",
  "System.Management.dll": "530D4403634EE43697C99AF4CE285341",
  "System.Reactive.dll": "EF5A00287AD15393D41B12AA4B726FF7",
  "System.Reflection.MetadataLoadContext.dll": "E88E3AF6D37736F339022C9ACC5F2F7B",
  "System.Security.Cryptography.Pkcs.dll": "8950E01996A37E808BE3F39063C37BF9",
  "TEMP_gitver.txt": "1EA4AD09DED87D487A34D8739E7562AA",
  "TerraFX.Interop.Windows.dll": "84F7EF6B0DE91F8CC23F773D3FD6DEC0"
}
