{
  "runtimes\\win-x64\\native\\e_sqlite3.dll": "6A67F4751EF45AE84549A109C0128EFE",
  "runtimes\\win-x64\\native\\minhook.x64d.dll": "54C9C9AF7BD808BB7CCEF4F003051F5A",
  "BCnEncoder.dll": "46406287B240637BA1B3AB0DFD2A0F3C",
  "BitFaster.Caching.dll": "18FBFDF88D3D5E7397BAD1A005B9E7EE",
  "CheapLoc.dll": "1CCFBC7543D29B003090F0D98C41ABE7",
  "cimgui.dll": "F13F78844572B0D4907D40525650A54B",
  "cimguizmo.dll": "FF793706FBA829E2B41C2C41D56BEE7F",
  "cimplot.dll": "550B6FF65403B8EE2C98F42F912A98B9",
  "commit_hash.txt": "0A1D41974095AAED8014F426D583D87B",
  "CommunityToolkit.HighPerformance.dll": "66B64EC334625F2C5D341A45E28EEB43",
  "Dalamud.Bindings.ImGui.dll": "1B23F7F1F751F3625CAA4729F42D48B1",
  "Dalamud.Bindings.ImGuizmo.dll": "E2F6943DBEB1AFE7D19F7A4C3302D431",
  "Dalamud.Bindings.ImPlot.dll": "421D70FB6889A07AE4B35B204F6BE6EF",
  "Dalamud.Boot.dll": "AA109C0FE570D4CCF7ADE5ADFE5B647E",
  "Dalamud.Common.dll": "7C679A3D384A5AA01E3B5B7011AD66D7",
  "Dalamud.deps.json": "77C51A961A3427697BD1D539EDCE3027",
  "Dalamud.dll": "93235B594D16AF9AFB284D3784E46FA6",
  "Dalamud.Injector.deps.json": "BF551CD5D6F45136F32B5F953968F603",
  "Dalamud.Injector.dll": "D36075A13253419A3D88139F9B265521",
  "Dalamud.Injector.exe": "E0B16CFC999AB8788020130967F19BD2",
  "Dalamud.Injector.runtimeconfig.json": "481C4D4F6151485203242D25F632FCC5",
  "Dalamud.runtimeconfig.json": "9DB7F0D7C94CA1AA6CA3ACFA6F93A1D8",
  "DalamudCrashHandler.exe": "59FE9639B91862ED5A4E93EE866DC5F1",
  "FfxivArgLauncher.deps.json": "3DD792C0EE6B5D2939DA061609B9727B",
  "FfxivArgLauncher.dll": "F791069529807DE9F3FFFF43E9ED59E3",
  "FfxivArgLauncher.exe": "6AB1C74C5F60B38A2A5EA9D24298000C",
  "FfxivArgLauncher.runtimeconfig.json": "D7E214E10FCA8BB5A7B8D5E6CB9F9571",
  "FFXIVClientStructs.dll": "F19A843445D4988ED297011AB97A27A5",
  "goatcorp.Reloaded.Hooks.dll": "A1C0DCF3B17C24BCFA050E4D23C043D2",
  "goatcorp.Reloaded.Memory.Buffers.dll": "30ABC902EE128B73BEDC1232FC2313E8",
  "HexaGen.Runtime.dll": "C2695B8E5E1FD0C1B599A5F8A119962A",
  "HttpClient.Caching.dll": "69ABF345E0CCC2508DD3258CE076023B",
  "Iced.dll": "83224DF19D221DC0D4B0C8125D7C978F",
  "ImGuiScene.dll": "3983E5507D5EF53A18B7CBD1503277B1",
  "InteropGenerator.Runtime.dll": "E48DB54C61AD1A1D08B23005792DB5F3",
  "JetBrains.Annotations.dll": "D334483DFBCF8BE6062277E1FB3B94F3",
  "licenses.txt": "A159BE62AA91178EFC3E3983AE874D1D",
  "Lumina.dll": "A82D30EF7CBA12242844E1DB721F76CA",
  "Lumina.Excel.dll": "7763FF30CA741E67300977583CD12724",
  "Microsoft.Extensions.ObjectPool.dll": "CB2B8426DF93B062B631BC85B3369BED",
  "MinSharp.dll": "C5A02648B291B3574EBC3ACE6CFD9BB5",
  "Mono.Cecil.dll": "C4B802B9B66DC5B2B3F251C8822DA712",
  "Mono.Cecil.Mdb.dll": "54016AFEC9A4541DE4EA7FDC4536BEE6",
  "Mono.Cecil.Pdb.dll": "F100E5CF51EF9837AF10B793F3ED8703",
  "Mono.Cecil.Rocks.dll": "519AFF3818E8871E428F403B9F1BF63D",
  "nethost.dll": "21F39F71E2F4B5BA9FB3F126872F2F9B",
  "Newtonsoft.Json.dll": "C252FE44B67A08E6DAB4EADE3764DB49",
  "PeNet.Asn1.dll": "E99063A628AB5C165EAD0B39645EE9A4",
  "PeNet.dll": "C161A3C5D0792D7EAEC2E2EE2AE68066",
  "Reloaded.Hooks.Definitions.dll": "4A8EC4E27ADEE20C2C0A59B12BD638A0",
  "Reloaded.Memory.Buffers.dll": "C0693F9F2657950AD1D18E6B7B3BC3AC",
  "Reloaded.Memory.dll": "47C30956321030A214C34E7CF8FCB352",
  "Reloaded.Memory.Sigscan.Definitions.dll": "CF7F4F8079E7BCA6C80ACF471462349A",
  "Reloaded.Memory.Sigscan.dll": "C325036BE181C73774CA433BC1E6F674",
  "revision.txt": "7CC980B0F894BD0CF05C37C246F215F3",
  "Serilog.dll": "258BFBBE0DCFC1BC3836D8324A3AF8E6",
  "Serilog.Sinks.Async.dll": "78251F8069115231C1CDDF8DBB57788A",
  "Serilog.Sinks.Console.dll": "A84B270CFB7C4B712E5C4E3A2757E611",
  "Serilog.Sinks.File.dll": "CB08EF3C442AFB2353315286B78A7C49",
  "SQLite-net.dll": "4C6E80180423332F2B615A329AFA9F15",
  "SQLitePCLRaw.batteries_v2.dll": "3E8FF56F11ABE4A102277F2D3AC2C197",
  "SQLitePCLRaw.core.dll": "B2BA7E54A020AB0461CC7E575F6EDF66",
  "SQLitePCLRaw.provider.e_sqlite3.dll": "CD235D945305490F860891D45BE34D21",
  "System.Reactive.dll": "C6016588304D55406E3D1C2FA7D42903",
  "System.Reflection.MetadataLoadContext.dll": "284C720DEE2524BCF10DD1B5648AA303",
  "System.Security.Cryptography.Pkcs.dll": "17945B2BF07D9377E36AD3EBE69FF693",
  "TEMP_gitver.txt": "A059CF5141BABACF9DA0393F8150CA5F",
  "TerraFX.Interop.Windows.dll": "C75D06E77DE5A095D45676A81CDE0DC9"
}
