{
  "runtimes\\win\\lib\\net8.0\\System.Management.dll": "E1422B4C04B923DCFE00A55290DC18A6",
  "runtimes\\win-x64\\native\\e_sqlite3.dll": "B429904F765F9EC975A15E8AB8CEB569",
  "runtimes\\win-x64\\native\\minhook.x64d.dll": "54C9C9AF7BD808BB7CCEF4F003051F5A",
  "targets\\Dalamud.Plugin.Bootstrap.targets": "C85635161398CD9852CF7212DB7EB904",
  "targets\\Dalamud.Plugin.targets": "394EE2BEC70254F76ABBE2C33F62BBFA",
  "BCnEncoder.dll": "46406287B240637BA1B3AB0DFD2A0F3C",
  "BitFaster.Caching.dll": "A8FE0554AF400EFD41762159DD915155",
  "CheapLoc.dll": "1CCFBC7543D29B003090F0D98C41ABE7",
  "cimgui.dll": "A713DA91317C2DCA5B0F256E5A03E48C",
  "cimguizmo.dll": "EBF5B07DF49AA7281B54633C6AF0D391",
  "cimplot.dll": "5AB3FBF27FEBBA871EDE0A08CBA4B4EC",
  "commit_hash.txt": "BB1CF4AD89BF2CAC1E709CBDFDEBE9AD",
  "CommunityToolkit.HighPerformance.dll": "66B64EC334625F2C5D341A45E28EEB43",
  "Dalamud.Bindings.ImGui.dll": "253999C8E2A37950654609EC6EAFE481",
  "Dalamud.Bindings.ImGuizmo.dll": "05EB72C3C479C9E3A8D0AB4C3E0E4A2D",
  "Dalamud.Bindings.ImPlot.dll": "465FBB980BCC5C66DA5581F61A098AB6",
  "Dalamud.Boot.dll": "E6AEF1DABB446ECA5D10D527F4BA0CF1",
  "Dalamud.Common.dll": "F33059BF8BFE1302685785E332EB8698",
  "Dalamud.deps.json": "18C22292FE1F0C0BEA0B0B68795DC98A",
  "Dalamud.dll": "08EBA6764BC263F8E11ADB2AFFBD5A5D",
  "Dalamud.Injector.deps.json": "728387043A7335F34ADB936CAE764950",
  "Dalamud.Injector.dll": "B6C5C1083C118995EEB85A9675D52682",
  "Dalamud.Injector.exe": "1CCF53DA82017B00C1A27BFFD5C43990",
  "Dalamud.Injector.runtimeconfig.json": "439C534917CEF268A731631073E50FE4",
  "Dalamud.runtimeconfig.json": "CA3935E9C6B9E3300F2D7171E4AF6335",
  "DalamudCrashHandler.exe": "F83B477D03B7BEB29117AA971244461E",
  "DeviceId.dll": "41E45668CF15A8024CB410AEF7C482AF",
  "DeviceId.Linux.dll": "6A1A95339AF07B9C4604667653BC8829",
  "DeviceId.Mac.dll": "F899669076391D73A1DE79A863479F30",
  "FASM-LICENSE.TXT": "ECEA1D10811221D5F0A3E96F9C38E2C7",
  "FASM.DLL": "793AB4CD7A8D490412747DCD2BED25EC",
  "FASMX64.DLL": "818EF3928DB004EF6FC84FC6CDD48A97",
  "FfxivArgLauncher.deps.json": "73E5E98BF2FA6F6B6573A24DA8E82C58",
  "FfxivArgLauncher.dll": "0AE8E2BFA6D9D1A4918B2CACDABCCBF4",
  "FfxivArgLauncher.exe": "8F813EED4A6DDDC4F32C1353A50F8104",
  "FfxivArgLauncher.runtimeconfig.json": "D7E214E10FCA8BB5A7B8D5E6CB9F9571",
  "FFXIVClientStructs.dll": "B898891CA8D839DFC35DB56B87471530",
  "goatcorp.Reloaded.Assembler.targets": "CC22CB0A353E2136EE9E6E96DB9F7164",
  "HexaGen.Runtime.dll": "C2695B8E5E1FD0C1B599A5F8A119962A",
  "HttpClient.Caching.dll": "3498C719617902BC77010D478E3A9B01",
  "Iced.dll": "83224DF19D221DC0D4B0C8125D7C978F",
  "ImGuiScene.dll": "0FE46BA8039676530A2997FC47273BA8",
  "InteropGenerator.Runtime.dll": "D061A70A25A1F177375E39B3DADD65BB",
  "JetBrains.Annotations.dll": "8429437B071BB895CADD971763C429FB",
  "licenses.txt": "A159BE62AA91178EFC3E3983AE874D1D",
  "Lumina.dll": "0E0FB15DEBD5348DE6ED8BD152F09989",
  "Lumina.Excel.dll": "A0D70B5BB7FA0A7A5D5C230648167A74",
  "Microsoft.Extensions.ObjectPool.dll": "5510583E2B50BE953814615586673C33",
  "MinSharp.dll": "C5A02648B291B3574EBC3ACE6CFD9BB5",
  "Mono.Cecil.dll": "C4B802B9B66DC5B2B3F251C8822DA712",
  "Mono.Cecil.Mdb.dll": "54016AFEC9A4541DE4EA7FDC4536BEE6",
  "Mono.Cecil.Pdb.dll": "F100E5CF51EF9837AF10B793F3ED8703",
  "Mono.Cecil.Rocks.dll": "519AFF3818E8871E428F403B9F1BF63D",
  "nethost.dll": "21F39F71E2F4B5BA9FB3F126872F2F9B",
  "Newtonsoft.Json.dll": "ADF3E3EECDE20B7C9661E9C47106A14A",
  "PeNet.Asn1.dll": "13277F0BF9D56C0615296AA3C4792B2C",
  "PeNet.dll": "44B99BADBB59494BCE3B6A4B95377DA8",
  "Reloaded.Assembler.dll": "5633847A22719EF556BE86947489B14D",
  "Reloaded.Hooks.Definitions.dll": "4A8EC4E27ADEE20C2C0A59B12BD638A0",
  "Reloaded.Hooks.dll": "BDCFAAC036BAC6DC9A2BCF55CA210D14",
  "Reloaded.Memory.Buffers.dll": "06615E0074E2979FB33858B680F3E511",
  "Reloaded.Memory.dll": "47C30956321030A214C34E7CF8FCB352",
  "Reloaded.Memory.Sigscan.Definitions.dll": "CF7F4F8079E7BCA6C80ACF471462349A",
  "Reloaded.Memory.Sigscan.dll": "C325036BE181C73774CA433BC1E6F674",
  "revision.txt": "93963474EDFD08F1F1E7244F663B4708",
  "Serilog.dll": "A8CFC3ABD62DAA399BC0F074A524C79F",
  "Serilog.Sinks.Async.dll": "47AD053C8BCB69774C9C09E8B52FE780",
  "Serilog.Sinks.Console.dll": "3A5FF30999E1DDB36C1AF375661BB5E6",
  "Serilog.Sinks.File.dll": "5C857C5926B0E7FCE94FA5301759E49D",
  "SharpDX.Direct3D11.dll": "D2C094FEF2DF16D0FE0E538F4179FDA1",
  "SharpDX.dll": "6C00B8BE8FB6FF838C79C9DE405DB1F5",
  "SharpDX.DXGI.dll": "FACCD233E453D81A69C5081971031ED9",
  "SharpDX.Mathematics.dll": "627AA0022B8549C41DC65777CEC20F30",
  "SQLite-net.dll": "E9B6CAF8D7A3351D36BF3C16FCCD5BB6",
  "SQLitePCLRaw.batteries_v2.dll": "5472974544D9B966D92C20E6BB35E748",
  "SQLitePCLRaw.core.dll": "0A36ED8E992EB5EBFF31D42F92EB95D5",
  "SQLitePCLRaw.nativelibrary.dll": "BE69666DDB60726F84CAF1F65F0BA908",
  "SQLitePCLRaw.provider.dynamic_cdecl.dll": "0AC6718A06B661EE8D5D41F84C4AA9BA",
  "System.Management.dll": "BFCE986BEFFF53F3270F1476BCB11C54",
  "System.Reactive.dll": "EF5A00287AD15393D41B12AA4B726FF7",
  "System.Reflection.MetadataLoadContext.dll": "E88E3AF6D37736F339022C9ACC5F2F7B",
  "System.Security.Cryptography.Pkcs.dll": "8950E01996A37E808BE3F39063C37BF9",
  "TEMP_gitver.txt": "0BA3CF0F3C704AEFFADD1774A9FFF0F0",
  "TerraFX.Interop.Windows.dll": "84F7EF6B0DE91F8CC23F773D3FD6DEC0"
}
